Position,Const,Created,Modified,Description,Title,Original Title,URL,Title Type,IMDb Rating,Runtime (mins),Year,Genres,Num Votes,Release Date,Directors,Your Rating,Date Rated
"1,tt1620981,2019-09-24,2019-09-24,,""The Addams Family"",""The Addams Family"",https://www.imdb.com/title/tt1620981/,Movie,5.8,86,2019,""Animation, Comedy, Family, Fantasy, Horror"",47527,2019-10-11,""Greg Tiernan, Conrad Vernon"",,"
"2,tt2935510,2019-09-24,2019-09-24,,""Ad Astra"",""Ad Astra"",https://www.imdb.com/title/tt2935510/,Movie,6.5,123,2019,""Adventure, Drama, Mystery, Sci-Fi, Thriller"",272538,2019-09-20,""James Gray"",,"
"3,tt2948372,2020-11-28,2020-11-28,,""Soul"",""Soul"",https://www.imdb.com/title/tt2948372/,Movie,8.0,100,2020,""Animation, Adventure, Comedy, Drama, Family, Fantasy, Music"",413473,2020-11-29,""Pete Docter, Kemp Powers"",10,2025-08-07"
"4,tt4633694,2021-11-16,2021-11-16,,""Spider-Man: Into the Spider-Verse"",""Spider-Man: Into the Spider-Verse"",https://www.imdb.com/title/tt4633694/,Movie,8.4,117,2018,""Animation, Action, Adventure, Comedy, Family, Fantasy, Sci-Fi"",744762,2018-12-14,""Bob Persichetti, Peter Ramsey, Rodney Rothman"",10,2025-08-07"
"5,tt2096673,2021-11-16,2021-11-16,,""Inside Out"",""Inside Out"",https://www.imdb.com/title/tt2096673/,Movie,8.1,95,2015,""Animation, Adventure, Comedy, Drama, Family, Fantasy"",878871,2015-06-19,""Pete Docter, Ronnie Del Carmen"",8,2025-08-07"
"6,tt3581920,2025-04-11,2025-04-11,,""The Last of Us"",""The Last of Us"",https://www.imdb.com/title/tt3581920/,TV Series,8.5,50,2023,""Action, Adventure, Drama, Horror, Sci-Fi, Thriller"",689582,2023-01-15,,7,2025-08-07"
"7,tt2356777,2025-04-11,2025-04-11,,""True Detective"",""True Detective"",https://www.imdb.com/title/tt2356777/,TV Series,8.9,60,2014,""Crime, Drama, Mystery, Thriller"",714270,2014-01-12,,9,2025-08-07"
"8,tt0816692,2025-04-11,2025-04-11,,""Interstellar"",""Interstellar"",https://www.imdb.com/title/tt0816692/,Movie,8.7,169,2014,""Adventure, Drama, Sci-Fi"",2384173,2014-11-07,""Christopher Nolan"",10,2025-04-11"
"9,tt1375666,2025-04-11,2025-04-11,,""Inception"",""Inception"",https://www.imdb.com/title/tt1375666/,Movie,8.8,148,2010,""Action, Adventure, Sci-Fi, Thriller"",2714058,2010-07-16,""Christopher Nolan"",10,2025-04-11"
"10,tt0993846,2025-04-11,2025-04-11,,""The Wolf of Wall Street"",""The Wolf of Wall Street"",https://www.imdb.com/title/tt0993846/,Movie,8.2,180,2013,""Biography, Comedy, Crime, Drama"",1708167,2013-12-25,""Martin Scorsese"",10,2025-04-11"
"11,tt1853728,2025-04-11,2025-04-11,,""Django Unchained"",""Django Unchained"",https://www.imdb.com/title/tt1853728/,Movie,8.5,165,2012,""Drama, Western"",1811462,2012-12-25,""Quentin Tarantino"",9,2025-04-11"
"12,tt14452776,2025-07-11,2025-07-11,,""The Bear"",""The Bear"",https://www.imdb.com/title/tt14452776/,TV Series,8.5,34,2022,""Comedy, Drama"",285039,2022-06-23,,,"
"13,tt16311594,2025-07-11,2025-07-11,,""F1: The Movie"",""F1"",https://www.imdb.com/title/tt16311594/,Movie,7.9,155,2025,""Action, Drama, Sport"",139257,2025-06-27,""Joseph Kosinski"",,"
"14,tt31193180,2025-07-11,2025-07-11,,""Sinners"",""Sinners"",https://www.imdb.com/title/tt31193180/,Movie,7.6,137,2025,""Action, Drama, Horror, Music, Thriller"",244103,2025-04-18,""Ryan Coogler"",8,2025-08-07"
"15,tt11280740,2025-08-07,2025-08-07,,""Severance"",""Severance"",https://www.imdb.com/title/tt11280740/,TV Series,8.7,50,2022,""Drama, Mystery, Sci-Fi, Thriller"",335906,2022-02-18,,10,2025-08-07"
"16,tt1049413,2025-08-07,2025-08-07,,""Up"",""Up"",https://www.imdb.com/title/tt1049413/,Movie,8.3,96,2009,""Animation, Adventure, Comedy, Drama, Family"",1194911,2009-05-29,""Pete Docter, Bob Peterson"",10,2025-08-07"
"17,tt0910970,2025-08-07,2025-08-07,,""WALL·E"",""WALL·E"",https://www.imdb.com/title/tt0910970/,Movie,8.4,98,2008,""Animation, Adventure, Family, Sci-Fi"",1274464,2008-06-27,""Andrew Stanton"",10,2025-08-07"
"18,tt4154756,2025-08-07,2025-08-07,,""Avengers: Infinity War"",""Avengers: Infinity War"",https://www.imdb.com/title/tt4154756/,Movie,8.4,149,2018,""Action, Adventure, Sci-Fi"",1308027,2018-04-27,""Anthony Russo, Joe Russo"",10,2025-08-07"
"19,tt4154796,2025-08-07,2025-08-07,,""Avengers: Endgame"",""Avengers: Endgame"",https://www.imdb.com/title/tt4154796/,Movie,8.4,181,2019,""Action, Adventure, Sci-Fi"",1380019,2019-04-26,""Anthony Russo, Joe Russo"",10,2025-08-07"
"20,tt15239678,2025-08-07,2025-08-07,,""Dune: Part Two"",""Dune: Part Two"",https://www.imdb.com/title/tt15239678/,Movie,8.5,166,2024,""Action, Adventure, Drama, Sci-Fi"",654909,2024-03-01,""Denis Villeneuve"",10,2025-08-07"
"21,tt6751668,2025-08-07,2025-08-07,,""Parasite"",""Gisaengchung"",https://www.imdb.com/title/tt6751668/,Movie,8.5,132,2019,""Drama, Thriller"",1086966,2019-11-08,""Bong Joon Ho"",10,2025-08-07"
"22,tt0382932,2025-08-07,2025-08-07,,""Ratatouille"",""Ratatouille"",https://www.imdb.com/title/tt0382932/,Movie,8.1,111,2007,""Animation, Adventure, Comedy, Family, Fantasy"",899421,2007-06-29,""Brad Bird, Jan Pinkava"",8,2025-08-07"
"23,tt11198330,2025-08-07,2025-08-07,,""House of the Dragon"",""House of the Dragon"",https://www.imdb.com/title/tt11198330/,TV Series,8.3,60,2022,""Action, Adventure, Drama, Fantasy, Romance"",484565,2022-08-21,,10,2025-08-07"
"24,tt2119532,2025-08-07,2025-08-07,,""Hacksaw Ridge"",""Hacksaw Ridge"",https://www.imdb.com/title/tt2119532/,Movie,8.1,139,2016,""Biography, Drama, History, War"",647370,2016-11-04,""Mel Gibson"",9,2025-08-07"
"25,tt0903747,2025-08-07,2025-08-07,,""Breaking Bad"",""Breaking Bad"",https://www.imdb.com/title/tt0903747/,TV Series,9.5,45,2008,""Crime, Drama, Thriller"",2373681,2008-01-20,,9,2025-08-07"
"26,tt1979320,2025-08-07,2025-08-07,,""Rush"",""Rush"",https://www.imdb.com/title/tt1979320/,Movie,8.1,123,2013,""Biography, Drama, Sport"",541743,2013-09-27,""Ron Howard"",7,2025-08-07"
"27,tt0120737,2025-08-07,2025-08-07,,""The Lord of the Rings: The Fellowship of the Ring"",""The Lord of the Rings: The Fellowship of the Ring"",https://www.imdb.com/title/tt0120737/,Movie,8.9,178,2001,""Adventure, Drama, Fantasy"",2129912,2001-12-19,""Peter Jackson"",9,2025-08-07"
"28,tt4574334,2025-08-07,2025-08-07,,""Stranger Things"",""Stranger Things"",https://www.imdb.com/title/tt4574334/,TV Series,8.6,60,2016,""Drama, Fantasy, Horror, Mystery, Sci-Fi, Thriller"",1471774,2016-07-15,,9,2025-08-07"
"29,tt1201607,2025-08-07,2025-08-07,,""Harry Potter and the Deathly Hallows: Part 2"",""Harry Potter and the Deathly Hallows: Part 2"",https://www.imdb.com/title/tt1201607/,Movie,8.1,130,2011,""Adventure, Family, Fantasy, Mystery"",1008430,2011-07-15,""David Yates"",10,2025-08-07"
"30,tt0120382,2025-08-07,2025-08-07,,""The Truman Show"",""The Truman Show"",https://www.imdb.com/title/tt0120382/,Movie,8.2,103,1998,""Comedy, Drama"",1303966,1998-06-05,""Peter Weir"",9,2025-08-07"
"31,tt1345836,2025-08-07,2025-08-07,,""The Dark Knight Rises"",""The Dark Knight Rises"",https://www.imdb.com/title/tt1345836/,Movie,8.4,164,2012,""Action, Crime, Drama, Thriller"",1932194,2012-07-20,""Christopher Nolan"",10,2025-08-07"
"32,tt0944947,2025-08-07,2025-08-07,,""Game of Thrones"",""Game of Thrones"",https://www.imdb.com/title/tt0944947/,TV Series,9.2,60,2011,""Action, Adventure, Drama, Fantasy"",2464544,2011-04-17,,9,2025-08-07"
"33,tt0167260,2025-08-07,2025-08-07,,""The Lord of the Rings: The Return of the King"",""The Lord of the Rings: The Return of the King"",https://www.imdb.com/title/tt0167260/,Movie,9.0,201,2003,""Adventure, Drama, Fantasy"",2097717,2003-12-17,""Peter Jackson"",9,2025-08-07"
"34,tt3315342,2025-08-07,2025-08-07,,""Logan"",""Logan"",https://www.imdb.com/title/tt3315342/,Movie,8.1,137,2017,""Action, Drama, Sci-Fi, Thriller"",899481,2017-03-03,""James Mangold"",9,2025-08-07"
"35,tt8579674,2025-08-07,2025-08-07,,""1917"",""1917"",https://www.imdb.com/title/tt8579674/,Movie,8.2,119,2019,""Action, Drama, War"",738423,2020-01-10,""Sam Mendes"",9,2025-08-07"
"36,tt0848228,2025-08-07,2025-08-07,,""The Avengers"",""The Avengers"",https://www.imdb.com/title/tt0848228/,Movie,8.0,143,2012,""Action, Sci-Fi"",1520828,2012-05-04,""Joss Whedon"",9,2025-08-07"
"37,tt0892769,2025-08-07,2025-08-07,,""How to Train Your Dragon"",""How to Train Your Dragon"",https://www.imdb.com/title/tt0892769/,Movie,8.1,98,2010,""Animation, Action, Adventure, Family, Fantasy"",861308,2010-03-26,""Dean DeBlois, Chris Sanders"",8,2025-08-07"
"38,tt0198781,2025-08-07,2025-08-07,,""Monsters, Inc."",""Monsters, Inc."",https://www.imdb.com/title/tt0198781/,Movie,8.1,92,2001,""Animation, Adventure, Comedy, Family, Fantasy"",1038711,2001-11-02,""Pete Docter, David Silverman, Lee Unkrich"",8,2025-08-07"
"39,tt1663202,2025-08-07,2025-08-07,,""The Revenant"",""The Revenant"",https://www.imdb.com/title/tt1663202/,Movie,8.0,156,2015,""Adventure, Drama, Western"",918865,2016-01-08,""Alejandro G. Iñárritu"",10,2025-08-07"
"40,tt6966692,2025-08-07,2025-08-07,,""Green Book"",""Green Book"",https://www.imdb.com/title/tt6966692/,Movie,8.2,130,2018,""Biography, Comedy, Drama, Music"",647531,2018-11-16,""Peter Farrelly"",10,2025-08-07"
"41,tt0120586,2025-08-07,2025-08-07,,""American History X"",""American History X"",https://www.imdb.com/title/tt0120586/,Movie,8.5,119,1998,""Crime, Drama"",1240675,1998-11-20,""Tony Kaye"",9,2025-08-07"
"42,tt1745960,2025-08-07,2025-08-07,,""Top Gun: Maverick"",""Top Gun: Maverick"",https://www.imdb.com/title/tt1745960/,Movie,8.2,130,2022,""Action, Drama"",795773,2022-05-27,""Joseph Kosinski"",9,2025-08-07"
"43,tt0209144,2025-08-07,2025-08-07,,""Memento"",""Memento"",https://www.imdb.com/title/tt0209144/,Movie,8.4,113,2000,""Drama, Mystery, Thriller"",1391947,2001-05-25,""Christopher Nolan"",8,2025-08-07"
"44,tt7335184,2025-08-07,2025-08-07,,""You"",""You"",https://www.imdb.com/title/tt7335184/,TV Series,7.6,45,2018,""Crime, Drama, Romance, Thriller"",347476,2018-09-09,,7,2025-08-07"
"45,tt7631058,2025-08-07,2025-08-07,,""The Lord of the Rings: The Rings of Power"",""The Lord of the Rings: The Rings of Power"",https://www.imdb.com/title/tt7631058/,TV Series,6.9,60,2022,""Action, Adventure, Drama, Fantasy"",428967,2022-09-01,,8,2025-08-07"
"46,tt2395427,2025-08-07,2025-08-07,,""Avengers: Age of Ultron"",""Avengers: Age of Ultron"",https://www.imdb.com/title/tt2395427/,Movie,7.3,141,2015,""Action, Adventure, Sci-Fi"",970095,2015-05-01,""Joss Whedon"",9,2025-08-07"
"47,tt0253474,2025-08-07,2025-08-07,,""The Pianist"",""The Pianist"",https://www.imdb.com/title/tt0253474/,Movie,8.5,150,2002,""Biography, Drama, Music, War"",978277,2003-03-28,""Roman Polanski"",8,2025-08-07"
"48,tt0363771,2025-08-07,2025-08-07,,""The Chronicles of Narnia: The Lion, the Witch and the Wardrobe"",""The Chronicles of Narnia: The Lion, the Witch and the Wardrobe"",https://www.imdb.com/title/tt0363771/,Movie,6.9,143,2005,""Adventure, Family, Fantasy"",447000,2005-12-09,""Andrew Adamson"",8,2025-08-07"
"49,tt2278388,2025-08-07,2025-08-07,,""The Grand Budapest Hotel"",""The Grand Budapest Hotel"",https://www.imdb.com/title/tt2278388/,Movie,8.1,99,2014,""Comedy, Drama"",936233,2014-03-28,""Wes Anderson"",9,2025-08-07"
"50,tt0110413,2025-08-07,2025-08-07,,""Léon: The Professional"",""Léon"",https://www.imdb.com/title/tt0110413/,Movie,8.5,110,1994,""Action, Crime, Drama, Thriller"",1313844,1994-11-18,""Luc Besson"",8,2025-08-07"
"51,tt6320628,2025-08-07,2025-08-07,,""Spider-Man: Far from Home"",""Spider-Man: Far from Home"",https://www.imdb.com/title/tt6320628/,Movie,7.4,129,2019,""Action, Adventure, Comedy, Fantasy, Sci-Fi"",608243,2019-07-02,""Jon Watts"",7,2025-08-07"
"52,tt13207736,2025-08-07,2025-08-07,,""Monsters"",""Monsters"",https://www.imdb.com/title/tt13207736/,TV Series,7.8,60,2022,""Biography, Crime, Drama, Thriller"",194675,2022-09-21,,8,2025-08-07"
"53,tt1856101,2025-08-07,2025-08-07,,""Blade Runner 2049"",""Blade Runner 2049"",https://www.imdb.com/title/tt1856101/,Movie,8.0,164,2017,""Action, Drama, Mystery, Sci-Fi, Thriller"",723156,2017-10-06,""Denis Villeneuve"",9,2025-08-07"
"54,tt0455275,2025-08-07,2025-08-07,,""Prison Break"",""Prison Break"",https://www.imdb.com/title/tt0455275/,TV Series,8.3,44,2005,""Action, Crime, Drama, Mystery, Thriller"",637564,2005-08-29,,8,2025-08-07"
"55,tt2084970,2025-08-07,2025-08-07,,""The Imitation Game"",""The Imitation Game"",https://www.imdb.com/title/tt2084970/,Movie,8.0,114,2014,""Biography, Drama, Thriller, War"",858935,2014-12-25,""Morten Tyldum"",8,2025-08-07"
"56,tt0454921,2025-08-07,2025-08-07,,""The Pursuit of Happyness"",""The Pursuit of Happyness"",https://www.imdb.com/title/tt0454921/,Movie,8.0,117,2006,""Biography, Drama"",598310,2006-12-15,""Gabriele Muccino"",10,2025-08-07"
"57,tt0316654,2025-08-07,2025-08-07,,""Spider-Man 2"",""Spider-Man 2"",https://www.imdb.com/title/tt0316654/,Movie,7.5,127,2004,""Action, Adventure, Sci-Fi"",756163,2004-06-30,""Sam Raimi"",7,2025-08-07"
"58,tt3460252,2025-08-07,2025-08-07,,""The Hateful Eight"",""The Hateful Eight"",https://www.imdb.com/title/tt3460252/,Movie,7.8,168,2015,""Crime, Drama, Mystery, Thriller, Western"",699453,2015-12-30,""Quentin Tarantino"",9,2025-08-07"
"59,tt0361748,2025-08-07,2025-08-07,,""Inglourious Basterds"",""Inglourious Basterds"",https://www.imdb.com/title/tt0361748/,Movie,8.4,153,2009,""Adventure, Drama, War"",1705537,2009-08-21,""Quentin Tarantino"",9,2025-08-07"
"60,tt0121766,2025-08-07,2025-08-07,,""Star Wars: Episode III - Revenge of the Sith"",""Star Wars: Episode III - Revenge of the Sith"",https://www.imdb.com/title/tt0121766/,Movie,7.6,140,2005,""Action, Adventure, Fantasy, Sci-Fi"",894444,2005-05-19,""George Lucas"",8,2025-08-07"
"61,tt2713180,2025-08-07,2025-08-07,,""Fury"",""Fury"",https://www.imdb.com/title/tt2713180/,Movie,7.6,134,2014,""Action, Drama, War"",586317,2014-10-17,""David Ayer"",8,2025-08-07"
"62,tt0332452,2025-08-07,2025-08-07,,""Troy"",""Troy"",https://www.imdb.com/title/tt0332452/,Movie,7.3,163,2004,""Action, Adventure, Drama"",598676,2004-05-14,""Wolfgang Petersen"",7,2025-08-07"
"63,tt2267998,2025-08-07,2025-08-07,,""Gone Girl"",""Gone Girl"",https://www.imdb.com/title/tt2267998/,Movie,8.1,149,2014,""Drama, Mystery, Thriller"",1132229,2014-10-03,""David Fincher"",9,2025-08-07"
"64,tt2015381,2025-08-07,2025-08-07,,""Guardians of the Galaxy"",""Guardians of the Galaxy"",https://www.imdb.com/title/tt2015381/,Movie,8.0,121,2014,""Action, Adventure, Comedy, Sci-Fi"",1328723,2014-08-01,""James Gunn"",7,2025-08-07"
"65,tt0144084,2025-08-07,2025-08-07,,""American Psycho"",""American Psycho"",https://www.imdb.com/title/tt0144084/,Movie,7.6,102,2000,""Crime, Drama, Horror"",792846,2000-04-14,""Mary Harron"",8,2025-08-07"
"66,tt0167261,2025-08-07,2025-08-07,,""The Lord of the Rings: The Two Towers"",""The Lord of the Rings: The Two Towers"",https://www.imdb.com/title/tt0167261/,Movie,8.8,179,2002,""Adventure, Drama, Fantasy"",1892029,2002-12-18,""Peter Jackson"",8,2025-08-07"
"67,tt1596363,2025-08-07,2025-08-07,,""The Big Short"",""The Big Short"",https://www.imdb.com/title/tt1596363/,Movie,7.8,130,2015,""Biography, Comedy, Drama, History"",517684,2015-12-23,""Adam McKay"",10,2025-08-07"
"68,tt22022452,2025-08-07,2025-08-07,,""Inside Out 2"",""Inside Out 2"",https://www.imdb.com/title/tt22022452/,Movie,7.5,96,2024,""Animation, Adventure, Comedy, Drama, Family, Fantasy, Sport"",227580,2024-06-14,""Kelsey Mann"",9,2025-08-07"
"69,tt0120689,2025-08-07,2025-08-07,,""The Green Mile"",""The Green Mile"",https://www.imdb.com/title/tt0120689/,Movie,8.6,189,1999,""Crime, Drama, Fantasy, Mystery"",1502781,1999-12-10,""Frank Darabont"",9,2025-08-07"
"70,tt0169547,2025-08-07,2025-08-07,,""American Beauty"",""American Beauty"",https://www.imdb.com/title/tt0169547/,Movie,8.3,122,1999,""Drama"",1256745,1999-10-01,""Sam Mendes"",9,2025-08-07"
"71,tt7131622,2025-08-07,2025-08-07,,""Once Upon a Time... in Hollywood"",""Once Upon a Time in... Hollywood"",https://www.imdb.com/title/tt7131622/,Movie,7.6,161,2019,""Comedy, Drama"",921062,2019-07-26,""Quentin Tarantino"",9,2025-08-07"
"72,tt0088247,2025-08-07,2025-08-07,,""The Terminator"",""The Terminator"",https://www.imdb.com/title/tt0088247/,Movie,8.1,107,1984,""Action, Adventure, Sci-Fi"",973765,1984-10-26,""James Cameron"",7,2025-08-07"
"73,tt0325980,2025-08-07,2025-08-07,,""Pirates of the Caribbean: The Curse of the Black Pearl"",""Pirates of the Caribbean: The Curse of the Black Pearl"",https://www.imdb.com/title/tt0325980/,Movie,8.1,143,2003,""Action, Adventure, Fantasy"",1279940,2003-07-09,""Gore Verbinski"",9,2025-08-07"
"74,tt3783958,2025-08-07,2025-08-07,,""La La Land"",""La La Land"",https://www.imdb.com/title/tt3783958/,Movie,8.0,128,2016,""Comedy, Drama, Music, Musical, Romance"",728936,2016-12-25,""Damien Chazelle"",9,2025-08-07"
"75,tt5950044,2025-08-07,2025-08-07,,""Superman"",""Superman"",https://www.imdb.com/title/tt5950044/,Movie,7.5,129,2025,""Action, Adventure, Sci-Fi"",195385,2025-07-11,""James Gunn"",,"
"76,tt0145487,2025-08-07,2025-08-07,,""Spider-Man"",""Spider-Man"",https://www.imdb.com/title/tt0145487/,Movie,7.4,121,2002,""Action, Adventure, Sci-Fi"",933208,2002-05-03,""Sam Raimi"",7,2025-08-07"
"77,tt3032476,2025-08-07,2025-08-07,,""Better Call Saul"",""Better Call Saul"",https://www.imdb.com/title/tt3032476/,TV Series,9.0,45,2015,""Crime, Drama"",751179,2015-02-08,,8,2025-08-07"
"78,tt0413300,2025-08-07,2025-08-07,,""Spider-Man 3"",""Spider-Man 3"",https://www.imdb.com/title/tt0413300/,Movie,6.3,139,2007,""Action, Adventure, Sci-Fi"",676722,2007-05-04,""Sam Raimi"",7,2025-08-07"
"79,tt0090605,2025-08-07,2025-08-07,,""Aliens"",""Aliens"",https://www.imdb.com/title/tt0090605/,Movie,8.4,137,1986,""Action, Adventure, Horror, Sci-Fi, Thriller"",815551,1986-07-18,""James Cameron"",7,2025-08-07"
"80,tt5013056,2025-08-07,2025-08-07,,""Dunkirk"",""Dunkirk"",https://www.imdb.com/title/tt5013056/,Movie,7.8,106,2017,""Action, Drama, History, Thriller, War"",781235,2017-07-21,""Christopher Nolan"",9,2025-08-07"
"81,tt1211837,2025-08-07,2025-08-07,,""Doctor Strange"",""Doctor Strange"",https://www.imdb.com/title/tt1211837/,Movie,7.5,115,2016,""Action, Adventure, Fantasy, Sci-Fi"",852868,2016-11-04,""Scott Derrickson"",10,2025-08-07"
"82,tt0405159,2025-08-07,2025-08-07,,""Million Dollar Baby"",""Million Dollar Baby"",https://www.imdb.com/title/tt0405159/,Movie,8.1,132,2004,""Drama, Sport"",751270,2005-01-28,""Clint Eastwood"",9,2025-08-07"
"83,tt0119643,2025-08-07,2025-08-07,,""Meet Joe Black"",""Meet Joe Black"",https://www.imdb.com/title/tt0119643/,Movie,7.2,178,1998,""Drama, Fantasy, Romance"",288174,1998-11-13,""Martin Brest"",8,2025-08-07"
"84,tt0421715,2025-08-07,2025-08-07,,""The Curious Case of Benjamin Button"",""The Curious Case of Benjamin Button"",https://www.imdb.com/title/tt0421715/,Movie,7.8,166,2008,""Drama, Fantasy, Romance"",727488,2008-12-25,""David Fincher"",9,2025-08-07"
"85,tt0780504,2025-08-07,2025-08-07,,""Drive"",""Drive"",https://www.imdb.com/title/tt0780504/,Movie,7.8,100,2011,""Action, Drama"",742332,2011-09-16,""Nicolas Winding Refn"",8,2025-08-07"
"86,tt0126029,2025-08-07,2025-08-07,,""Shrek"",""Shrek"",https://www.imdb.com/title/tt0126029/,Movie,7.9,90,2001,""Animation, Adventure, Comedy, Family, Fantasy, Romance"",782038,2001-05-18,""Andrew Adamson, Vicky Jenson"",8,2025-08-07"
"87,tt6723592,2025-08-07,2025-08-07,,""Tenet"",""Tenet"",https://www.imdb.com/title/tt6723592/,Movie,7.3,150,2020,""Action, Sci-Fi, Thriller"",638334,2020-09-03,""Christopher Nolan"",9,2025-08-07"
"88,tt0343818,2025-08-07,2025-08-07,,""I, Robot"",""I, Robot"",https://www.imdb.com/title/tt0343818/,Movie,7.1,115,2004,""Action, Mystery, Sci-Fi, Thriller"",600886,2004-07-16,""Alex Proyas"",9,2025-08-07"
"89,tt0120363,2025-08-07,2025-08-07,,""Toy Story 2"",""Toy Story 2"",https://www.imdb.com/title/tt0120363/,Movie,7.9,92,1999,""Animation, Adventure, Comedy, Family, Fantasy"",650447,1999-11-24,""John Lasseter, Ash Brannon, Lee Unkrich"",8,2025-08-07"
"90,tt0441773,2025-08-07,2025-08-07,,""Kung Fu Panda"",""Kung Fu Panda"",https://www.imdb.com/title/tt0441773/,Movie,7.6,92,2008,""Animation, Action, Adventure, Comedy, Family, Fantasy"",557357,2008-06-06,""Mark Osborne, John Stevenson"",8,2025-08-07"
"91,tt1454468,2025-08-07,2025-08-07,,""Gravity"",""Gravity"",https://www.imdb.com/title/tt1454468/,Movie,7.7,91,2013,""Drama, Sci-Fi, Thriller"",885864,2013-10-04,""Alfonso Cuarón"",10,2025-08-07"
"92,tt1446714,2025-08-07,2025-08-07,,""Prometheus"",""Prometheus"",https://www.imdb.com/title/tt1446714/,Movie,7.0,124,2012,""Adventure, Mystery, Sci-Fi"",681174,2012-06-08,""Ridley Scott"",7,2025-08-07"
"93,tt5180504,2025-08-07,2025-08-07,,""The Witcher"",""The Witcher"",https://www.imdb.com/title/tt5180504/,TV Series,7.9,60,2019,""Action, Adventure, Drama, Fantasy, Mystery"",599048,2019-12-20,,8,2025-08-07"
"94,tt0800369,2025-08-07,2025-08-07,,""Thor"",""Thor"",https://www.imdb.com/title/tt0800369/,Movie,7.0,115,2011,""Action, Fantasy"",941535,2011-05-06,""Kenneth Branagh"",7,2025-08-07"
"95,tt0482571,2025-08-07,2025-08-07,,""The Prestige"",""The Prestige"",https://www.imdb.com/title/tt0482571/,Movie,8.5,130,2006,""Drama, Mystery, Sci-Fi, Thriller"",1531549,2006-10-20,""Christopher Nolan"",10,2025-08-07"
"96,tt1843866,2025-08-07,2025-08-07,,""Captain America: The Winter Soldier"",""Captain America: The Winter Soldier"",https://www.imdb.com/title/tt1843866/,Movie,7.7,136,2014,""Action, Adventure, Sci-Fi, Thriller"",944536,2014-04-04,""Anthony Russo, Joe Russo"",6,2025-08-07"
"97,tt2707408,2025-08-07,2025-08-07,,""Narcos"",""Narcos"",https://www.imdb.com/title/tt2707408/,TV Series,8.7,50,2015,""Biography, Crime, Drama, Thriller"",507526,2015-08-28,,9,2025-08-07"
"98,tt0110357,2025-08-07,2025-08-07,,""The Lion King"",""The Lion King"",https://www.imdb.com/title/tt0110357/,Movie,8.5,88,1994,""Animation, Adventure, Drama, Family, Musical"",1215901,1994-06-24,""Roger Allers, Rob Minkoff"",8,2025-08-07"
"99,tt7510222,2025-08-07,2025-08-07,,""Despicable Me 4"",""Despicable Me 4"",https://www.imdb.com/title/tt7510222/,Movie,6.2,94,2024,""Animation, Adventure, Comedy, Crime, Family, Sci-Fi"",70199,2024-07-03,""Chris Renaud, Patrick Delage"",7,2025-08-07"
"100,tt1028532,2025-08-07,2025-08-07,,""Hachi: A Dog's Tale"",""Hachi: A Dog's Tale"",https://www.imdb.com/title/tt1028532/,Movie,8.1,93,2009,""Biography, Drama, Family"",331805,2010-03-12,""Lasse Hallström"",6,2025-08-07"
"101,tt0770828,2025-08-07,2025-08-07,,""Man of Steel"",""Man of Steel"",https://www.imdb.com/title/tt0770828/,Movie,7.1,143,2013,""Action, Adventure, Sci-Fi"",848348,2013-06-14,""Zack Snyder"",9,2025-08-07"
"102,tt1677720,2025-08-07,2025-08-07,,""Ready Player One"",""Ready Player One"",https://www.imdb.com/title/tt1677720/,Movie,7.4,140,2018,""Action, Adventure, Sci-Fi"",523469,2018-03-29,""Steven Spielberg"",10,2025-08-07"
"103,tt1136608,2025-08-07,2025-08-07,,""District 9"",""District 9"",https://www.imdb.com/title/tt1136608/,Movie,7.9,112,2009,""Action, Sci-Fi, Thriller"",739414,2009-08-14,""Neill Blomkamp"",9,2025-08-07"
"104,tt0096874,2025-08-07,2025-08-07,,""Back to the Future Part II"",""Back to the Future Part II"",https://www.imdb.com/title/tt0096874/,Movie,7.8,108,1989,""Adventure, Comedy, Sci-Fi"",603628,1989-11-22,""Robert Zemeckis"",9,2025-08-07"
"105,tt2872732,2025-08-07,2025-08-07,,""Lucy"",""Lucy"",https://www.imdb.com/title/tt2872732/,Movie,6.4,89,2014,""Action, Sci-Fi, Thriller"",562879,2014-07-25,""Luc Besson"",9,2025-08-07"
"106,tt1219289,2025-08-07,2025-08-07,,""Limitless"",""Limitless"",https://www.imdb.com/title/tt1219289/,Movie,7.4,105,2011,""Sci-Fi, Thriller"",633520,2011-03-18,""Neil Burger"",10,2025-08-07"
"107,tt1790809,2025-08-07,2025-08-07,,""Pirates of the Caribbean: Dead Men Tell No Tales"",""Pirates of the Caribbean: Dead Men Tell No Tales"",https://www.imdb.com/title/tt1790809/,Movie,6.5,129,2017,""Action, Adventure, Fantasy"",370637,2017-05-26,""Joachim Rønning, Espen Sandberg"",8,2025-08-07"
"108,tt12361974,2025-08-07,2025-08-07,,""Zack Snyder's Justice League"",""Zack Snyder's Justice League"",https://www.imdb.com/title/tt12361974/,Movie,7.9,242,2021,""Action, Adventure, Fantasy, Sci-Fi"",461391,2021-03-18,""Zack Snyder"",9,2025-08-07"
"109,tt1179933,2025-08-07,2025-08-07,,""10 Cloverfield Lane"",""10 Cloverfield Lane"",https://www.imdb.com/title/tt1179933/,Movie,7.2,103,2016,""Drama, Horror, Sci-Fi, Thriller"",374542,2016-03-11,""Dan Trachtenberg"",8,2025-08-07"
"110,tt4649466,2025-08-07,2025-08-07,,""Kingsman: The Golden Circle"",""Kingsman: The Golden Circle"",https://www.imdb.com/title/tt4649466/,Movie,6.7,141,2017,""Action, Adventure, Comedy, Crime, Thriller"",390219,2017-09-22,""Matthew Vaughn"",6,2025-08-07"
"111,tt2911666,2025-08-07,2025-08-07,,""John Wick"",""John Wick"",https://www.imdb.com/title/tt2911666/,Movie,7.5,101,2014,""Action, Crime, Thriller"",794840,2014-10-24,""Chad Stahelski"",7,2025-08-07"
"112,tt0116629,2025-08-07,2025-08-07,,""Independence Day"",""Independence Day"",https://www.imdb.com/title/tt0116629/,Movie,7.0,145,1996,""Action, Adventure, Sci-Fi"",632877,1996-07-03,""Roland Emmerich"",9,2025-08-07"
"113,tt0295297,2025-08-07,2025-08-07,,""Harry Potter and the Chamber of Secrets"",""Harry Potter and the Chamber of Secrets"",https://www.imdb.com/title/tt0295297/,Movie,7.5,161,2002,""Adventure, Family, Fantasy, Mystery"",737313,2002-11-15,""Chris Columbus"",7,2025-08-07"
"114,tt0417741,2025-08-07,2025-08-07,,""Harry Potter and the Half-Blood Prince"",""Harry Potter and the Half-Blood Prince"",https://www.imdb.com/title/tt0417741/,Movie,7.6,153,2009,""Action, Adventure, Family, Fantasy, Mystery"",634738,2009-07-15,""David Yates"",7,2025-08-07"
"115,tt0475784,2025-08-07,2025-08-07,,""Westworld"",""Westworld"",https://www.imdb.com/title/tt0475784/,TV Series,8.4,60,2016,""Drama, Mystery, Sci-Fi"",550329,2016-10-02,,8,2025-08-07"
"116,tt0448157,2025-08-07,2025-08-07,,""Hancock"",""Hancock"",https://www.imdb.com/title/tt0448157/,Movie,6.4,92,2008,""Action, Comedy, Drama, Fantasy"",530206,2008-07-02,""Peter Berg"",7,2025-08-07"
"117,tt1298650,2025-08-07,2025-08-07,,""Pirates of the Caribbean: On Stranger Tides"",""Pirates of the Caribbean: On Stranger Tides"",https://www.imdb.com/title/tt1298650/,Movie,6.6,136,2011,""Action, Adventure, Fantasy"",591468,2011-05-20,""Rob Marshall"",7,2025-08-07"
"118,tt0480249,2025-08-07,2025-08-07,,""I Am Legend"",""I Am Legend"",https://www.imdb.com/title/tt0480249/,Movie,7.2,101,2007,""Drama, Horror, Sci-Fi, Thriller"",856201,2007-12-14,""Francis Lawrence"",8,2025-08-07"
"119,tt1727824,2025-08-07,2025-08-07,,""Bohemian Rhapsody"",""Bohemian Rhapsody"",https://www.imdb.com/title/tt1727824/,Movie,7.9,134,2018,""Biography, Drama, Music"",627149,2018-11-02,""Bryan Singer"",9,2025-08-07"
"120,tt0088763,2025-08-07,2025-08-07,,""Back to the Future"",""Back to the Future"",https://www.imdb.com/title/tt0088763/,Movie,8.5,116,1985,""Adventure, Comedy, Sci-Fi"",1394188,1985-07-03,""Robert Zemeckis"",9,2025-08-07"
"121,tt2310332,2025-08-07,2025-08-07,,""The Hobbit: The Battle of the Five Armies"",""The Hobbit: The Battle of the Five Armies"",https://www.imdb.com/title/tt2310332/,Movie,7.4,144,2014,""Adventure, Fantasy"",601742,2014-12-17,""Peter Jackson"",8,2025-08-07"
"122,tt1646971,2025-08-07,2025-08-07,,""How to Train Your Dragon 2"",""How to Train Your Dragon 2"",https://www.imdb.com/title/tt1646971/,Movie,7.8,102,2014,""Animation, Action, Adventure, Comedy, Family, Fantasy"",388971,2014-06-13,""Dean DeBlois"",8,2025-08-07"
"123,tt4786824,2025-08-07,2025-08-07,,""The Crown"",""The Crown"",https://www.imdb.com/title/tt4786824/,TV Series,8.6,60,2016,""Biography, Drama, History"",272540,2016-11-04,,8,2025-08-07"
"124,tt1630029,2025-08-07,2025-08-07,,""Avatar: The Way of Water"",""Avatar: The Way of Water"",https://www.imdb.com/title/tt1630029/,Movie,7.5,192,2022,""Action, Adventure, Fantasy, Sci-Fi"",541981,2022-12-16,""James Cameron"",,"
"125,tt1517451,2025-08-07,2025-08-07,,""A Star Is Born"",""A Star Is Born"",https://www.imdb.com/title/tt1517451/,Movie,7.6,136,2018,""Drama, Music, Romance"",438866,2018-10-05,""Bradley Cooper"",8,2025-08-07"
"126,tt3263904,2025-08-07,2025-08-07,,""Sully"",""Sully"",https://www.imdb.com/title/tt3263904/,Movie,7.4,96,2016,""Biography, Drama"",314258,2016-09-09,""Clint Eastwood"",8,2025-08-07"
"127,tt0878804,2025-08-07,2025-08-07,,""The Blind Side"",""The Blind Side"",https://www.imdb.com/title/tt0878804/,Movie,7.6,129,2009,""Biography, Drama, Sport"",377622,2009-11-20,""John Lee Hancock"",8,2025-08-07"
"128,tt22084616,2025-08-07,2025-08-07,,""Spider-Man: Brand New Day"",""Spider-Man: Brand New Day"",https://www.imdb.com/title/tt22084616/,Movie,,,2026,""Action, Adventure, Fantasy, Sci-Fi"",0,2026-07-31,""Destin Daniel Cretton"",,"
"129,tt21357150,2025-08-07,2025-08-07,,""Avengers: Doomsday"",""Avengers: Doomsday"",https://www.imdb.com/title/tt21357150/,Movie,,,2026,""Action, Adventure, Sci-Fi"",0,2026-12-18,""Anthony Russo, Joe Russo"",,"
"130,tt33764258,2025-08-07,2025-08-07,,""The Odyssey"",""The Odyssey"",https://www.imdb.com/title/tt33764258/,Movie,,,2026,""Action, Adventure, Fantasy, History"",0,2026-07-17,""Christopher Nolan"",,"
"131,tt1757678,2025-08-07,2025-08-07,,""Avatar: Fire and Ash"",""Avatar: Fire and Ash"",https://www.imdb.com/title/tt1757678/,Movie,,192,2025,""Action, Adventure, Fantasy, Sci-Fi, Thriller"",0,2025-12-19,""James Cameron"",,"
"132,tt26443597,2025-08-07,2025-08-07,,""Zootopia 2"",""Zootopia 2"",https://www.imdb.com/title/tt26443597/,Movie,,,2025,""Animation, Action, Adventure, Comedy, Crime, Family, Mystery"",0,2025-11-26,""Jared Bush, Byron Howard"",,"
"133,tt6264654,2025-08-07,2025-08-07,,""Free Guy"",""Free Guy"",https://www.imdb.com/title/tt6264654/,Movie,7.1,115,2021,""Action, Adventure, Comedy, Fantasy, Romance, Sci-Fi"",469701,2021-08-13,""Shawn Levy"",,"
"134,tt3170832,2025-08-07,2025-08-07,,""Room"",""Room"",https://www.imdb.com/title/tt3170832/,Movie,8.1,118,2015,""Drama, Thriller"",471084,2016-01-22,""Lenny Abrahamson"",,"
"135,tt3799694,2025-08-07,2025-08-07,,""The Nice Guys"",""The Nice Guys"",https://www.imdb.com/title/tt3799694/,Movie,7.4,116,2016,""Action, Comedy, Crime, Mystery, Thriller"",399532,2016-05-20,""Shane Black"",9,2025-08-07"
"136,tt0217505,2025-08-07,2025-08-07,,""Gangs of New York"",""Gangs of New York"",https://www.imdb.com/title/tt0217505/,Movie,7.5,167,2002,""Crime, Drama"",491729,2002-12-20,""Martin Scorsese"",9,2025-08-07"
"137,tt0371746,2025-08-07,2025-08-07,,""Iron Man"",""Iron Man"",https://www.imdb.com/title/tt0371746/,Movie,7.9,126,2008,""Action, Adventure, Sci-Fi"",1186525,2008-05-02,""Jon Favreau"",8,2025-08-07"
"138,tt0133093,2025-08-07,2025-08-07,,""The Matrix"",""The Matrix"",https://www.imdb.com/title/tt0133093/,Movie,8.7,136,1999,""Action, Sci-Fi"",2175969,1999-03-31,""Lana Wachowski, Lilly Wachowski"",9,2025-08-07"
"139,tt0837562,2025-08-07,2025-08-07,,""Hotel Transylvania"",""Hotel Transylvania"",https://www.imdb.com/title/tt0837562/,Movie,7.0,91,2012,""Animation, Comedy, Family, Fantasy"",301057,2012-09-28,""Genndy Tartakovsky"",8,2025-08-07"
"140,tt5052448,2025-08-07,2025-08-07,,""Get Out"",""Get Out"",https://www.imdb.com/title/tt5052448/,Movie,7.8,104,2017,""Horror, Mystery, Thriller"",771352,2017-02-24,""Jordan Peele"",,"
"141,tt0119654,2025-08-07,2025-08-07,,""Men in Black"",""Men in Black"",https://www.imdb.com/title/tt0119654/,Movie,7.3,98,1997,""Action, Adventure, Comedy, Sci-Fi"",645396,1997-07-02,""Barry Sonnenfeld"",9,2025-08-07"
"142,tt0765429,2025-08-07,2025-08-07,,""American Gangster"",""American Gangster"",https://www.imdb.com/title/tt0765429/,Movie,7.8,157,2007,""Biography, Crime, Drama"",474890,2007-11-02,""Ridley Scott"",10,2025-08-07"
"143,tt10272386,2025-08-07,2025-08-07,,""The Father"",""The Father"",https://www.imdb.com/title/tt10272386/,Movie,8.2,97,2020,""Drama, Mystery"",217454,2021-02-26,""Florian Zeller"",9,2025-08-07"
"144,tt8367814,2025-08-07,2025-08-07,,""The Gentlemen"",""The Gentlemen"",https://www.imdb.com/title/tt8367814/,Movie,7.8,113,2019,""Action, Crime"",438962,2020-01-24,""Guy Ritchie"",9,2025-08-07"
"145,tt1454029,2025-08-07,2025-08-07,,""The Help"",""The Help"",https://www.imdb.com/title/tt1454029/,Movie,8.1,146,2011,""Drama"",517031,2011-08-10,""Tate Taylor"",9,2025-08-07"
"146,tt2106476,2025-08-07,2025-08-07,,""The Hunt"",""Jagten"",https://www.imdb.com/title/tt2106476/,Movie,8.3,115,2012,""Drama"",393004,2012-11-14,""Thomas Vinterberg"",,"
"147,tt1285016,2025-08-07,2025-08-07,,""The Social Network"",""The Social Network"",https://www.imdb.com/title/tt1285016/,Movie,7.8,120,2010,""Biography, Drama"",797472,2010-10-01,""David Fincher"",8,2025-08-07"
"148,tt0328107,2025-08-07,2025-08-07,,""Man on Fire"",""Man on Fire"",https://www.imdb.com/title/tt0328107/,Movie,7.7,146,2004,""Action, Crime, Drama, Thriller"",406119,2004-04-23,""Tony Scott"",9,2025-08-07"
"149,tt4729430,2025-08-07,2025-08-07,,""Klaus"",""Klaus"",https://www.imdb.com/title/tt4729430/,Movie,8.2,96,2019,""Animation, Adventure, Comedy, Family, Fantasy"",218016,2019-11-15,""Sergio Pablos, Carlos Martínez López"",10,2025-08-07"
"150,tt1205489,2025-08-07,2025-08-07,,""Gran Torino"",""Gran Torino"",https://www.imdb.com/title/tt1205489/,Movie,8.1,116,2008,""Drama"",844985,2009-01-09,""Clint Eastwood"",9,2025-08-07"
"151,tt9764362,2025-08-07,2025-08-07,,""The Menu"",""The Menu"",https://www.imdb.com/title/tt9764362/,Movie,7.2,107,2022,""Comedy, Horror, Thriller"",465892,2022-11-18,""Mark Mylod"",7,2025-08-07"
"152,tt15789038,2025-08-07,2025-08-07,,""Elemental"",""Elemental"",https://www.imdb.com/title/tt15789038/,Movie,7.0,101,2023,""Animation, Adventure, Comedy, Family, Fantasy, Romance"",154000,2023-06-16,""Peter Sohn"",8,2025-08-07"
"153,tt1210166,2025-08-07,2025-08-07,,""Moneyball"",""Moneyball"",https://www.imdb.com/title/tt1210166/,Movie,7.6,133,2011,""Biography, Drama, Sport"",492492,2011-09-23,""Bennett Miller"",9,2025-08-07"
"154,tt3890160,2025-08-07,2025-08-07,,""Baby Driver"",""Baby Driver"",https://www.imdb.com/title/tt3890160/,Movie,7.5,113,2017,""Action, Crime, Drama, Music"",659118,2017-06-28,""Edgar Wright"",8,2025-08-07"
"155,tt1856010,2025-08-07,2025-08-07,,""House of Cards"",""House of Cards"",https://www.imdb.com/title/tt1856010/,TV Series,8.6,50,2013,""Drama, Thriller"",549702,2013-02-01,,9,2025-08-07"
"156,tt10676052,2025-08-07,2025-08-07,,""The Fantastic Four: First Steps"",""The Fantastic Four: First Steps"",https://www.imdb.com/title/tt10676052/,Movie,7.3,114,2025,""Action, Adventure, Sci-Fi"",100802,2025-07-25,""Matt Shakman"",,"
"157,tt3402138,2025-08-07,2025-08-07,,""The Naked Gun"",""The Naked Gun"",https://www.imdb.com/title/tt3402138/,Movie,7.0,85,2025,""Action, Comedy, Crime"",17084,2025-08-01,""Akiva Schaffer"",,"
"158,tt15398776,2025-08-07,2025-08-07,,""Oppenheimer"",""Oppenheimer"",https://www.imdb.com/title/tt15398776/,Movie,8.3,180,2023,""Biography, Drama, History"",921460,2023-07-21,""Christopher Nolan"",8,2025-08-07"
"159,tt31510819,2025-08-07,2025-08-07,,""MobLand"",""MobLand"",https://www.imdb.com/title/tt31510819/,TV Series,8.4,50,2025,""Crime, Drama"",70556,2025-03-30,,,"
"160,tt0109830,2025-08-07,2025-08-07,,""Forrest Gump"",""Forrest Gump"",https://www.imdb.com/title/tt0109830/,Movie,8.8,142,1994,""Drama, Romance"",2405727,1994-07-06,""Robert Zemeckis"",9,2025-08-07"
"161,tt10919420,2025-08-07,2025-08-07,,""Squid Game"",""Ojing-eo geim"",https://www.imdb.com/title/tt10919420/,TV Series,8.0,60,2021,""Action, Crime, Drama, Mystery, Thriller"",708341,2021-09-17,,9,2025-08-07"
"162,tt0111161,2025-08-07,2025-08-07,,""The Shawshank Redemption"",""The Shawshank Redemption"",https://www.imdb.com/title/tt0111161/,Movie,9.3,142,1994,""Drama"",3080238,1994-10-14,""Frank Darabont"",10,2025-08-07"
"163,tt0114369,2025-08-07,2025-08-07,,""Se7en"",""Se7en"",https://www.imdb.com/title/tt0114369/,Movie,8.6,127,1995,""Crime, Drama, Mystery, Thriller"",1935107,1995-09-22,""David Fincher"",9,2025-08-07"
"164,tt0172495,2025-08-07,2025-08-07,,""Gladiator"",""Gladiator"",https://www.imdb.com/title/tt0172495/,Movie,8.5,155,2000,""Action, Adventure, Drama"",1782474,2000-05-05,""Ridley Scott"",8,2025-08-07"
"165,tt0468569,2025-08-07,2025-08-07,,""The Dark Knight"",""The Dark Knight"",https://www.imdb.com/title/tt0468569/,Movie,9.1,152,2008,""Action, Crime, Drama, Thriller"",3055000,2008-07-18,""Christopher Nolan"",10,2025-07-11"
"166,tt3566834,2025-08-07,2025-08-07,,""A Minecraft Movie"",""A Minecraft Movie"",https://www.imdb.com/title/tt3566834/,Movie,5.6,101,2025,""Action, Adventure, Comedy, Family, Fantasy"",129485,2025-04-04,""Jared Hess"",6,2025-08-07"
"167,tt9218128,2025-08-07,2025-08-07,,""Gladiator II"",""Gladiator II"",https://www.imdb.com/title/tt9218128/,Movie,6.5,148,2024,""Action, Adventure, Drama"",266064,2024-11-22,""Ridley Scott"",7,2025-08-07"
"168,tt1877830,2025-08-07,2025-08-07,,""The Batman"",""The Batman"",https://www.imdb.com/title/tt1877830/,Movie,7.8,176,2022,""Action, Crime, Drama, Mystery, Thriller"",886850,2022-03-04,""Matt Reeves"",8,2025-08-07"
"169,tt0499549,2025-08-07,2025-08-07,,""Avatar"",""Avatar"",https://www.imdb.com/title/tt0499549/,Movie,7.9,162,2009,""Action, Adventure, Fantasy, Sci-Fi"",1440524,2009-12-18,""James Cameron"",8,2025-08-07"
"170,tt7766378,2025-08-07,2025-08-07,,""The Electric State"",""The Electric State"",https://www.imdb.com/title/tt7766378/,Movie,5.9,125,2025,""Action, Adventure, Comedy, Drama, Sci-Fi"",73692,2025-03-14,""Anthony Russo, Joe Russo"",8,2025-08-07"
"171,tt0372784,2025-08-07,2025-08-07,,""Batman Begins"",""Batman Begins"",https://www.imdb.com/title/tt0372784/,Movie,8.2,140,2005,""Action, Crime, Drama, Thriller"",1662405,2005-06-15,""Christopher Nolan"",8,2025-08-07"
"172,tt9603212,2025-08-07,2025-08-07,,""Mission: Impossible - Dead Reckoning Part One"",""Mission: Impossible - Dead Reckoning Part One"",https://www.imdb.com/title/tt9603212/,Movie,7.6,163,2023,""Action, Adventure, Thriller"",306839,2023-07-12,""Christopher McQuarrie"",9,2025-08-07"
"173,tt0103064,2025-08-07,2025-08-07,,""Terminator 2: Judgment Day"",""Terminator 2: Judgment Day"",https://www.imdb.com/title/tt0103064/,Movie,8.6,137,1991,""Action, Adventure, Sci-Fi"",1244848,1991-07-03,""James Cameron"",10,2025-08-07"
"174,tt0076759,2025-08-07,2025-08-07,,""Star Wars: Episode IV - A New Hope"",""Star Wars"",https://www.imdb.com/title/tt0076759/,Movie,8.6,121,1977,""Action, Adventure, Fantasy, Sci-Fi"",1525399,1977-05-25,""George Lucas"",7,2025-08-07"
"175,tt0418279,2025-08-07,2025-08-07,,""Transformers"",""Transformers"",https://www.imdb.com/title/tt0418279/,Movie,7.1,144,2007,""Action, Adventure, Sci-Fi"",702006,2007-07-03,""Michael Bay"",9,2025-08-07"
"176,tt2788316,2025-08-07,2025-08-07,,""Shōgun"",""Shogun"",https://www.imdb.com/title/tt2788316/,TV Series,8.6,60,2024,""Action, Adventure, Drama, History, War"",224445,2024-02-27,,9,2025-08-07"
"177,tt9561862,2025-08-07,2025-08-07,,""Love, Death & Robots"",""Love, Death & Robots"",https://www.imdb.com/title/tt9561862/,TV Series,8.4,15,2019,""Animation, Short, Action, Adventure, Comedy, Drama, Fantasy, Horror, Mystery, Sci-Fi, Thriller"",221233,2019-03-15,,10,2025-08-07"
"178,tt33204697,2025-08-07,2025-08-07,,""Secret Level"",""Secret Level"",https://www.imdb.com/title/tt33204697/,TV Series,7.3,15,2024,""Animation, Action, Adventure, Fantasy, Sci-Fi"",28324,2024-12-10,,,"
"179,tt12299608,2025-08-07,2025-08-07,,""Mickey 17"",""Mickey 17"",https://www.imdb.com/title/tt12299608/,Movie,6.8,137,2025,""Adventure, Comedy, Fantasy, Sci-Fi"",182591,2025-03-07,""Bong Joon Ho"",,"
"180,tt5537002,2025-08-07,2025-08-07,,""Killers of the Flower Moon"",""Killers of the Flower Moon"",https://www.imdb.com/title/tt5537002/,Movie,7.6,206,2023,""Crime, Drama, History, Western"",287348,2023-10-20,""Martin Scorsese"",,"
"181,tt0080684,2025-08-07,2025-08-07,,""Star Wars: Episode V - The Empire Strikes Back"",""Star Wars: Episode V - The Empire Strikes Back"",https://www.imdb.com/title/tt0080684/,Movie,8.7,124,1980,""Action, Adventure, Fantasy, Sci-Fi"",1458609,1980-06-18,""Irvin Kershner"",,"
"182,tt12037194,2025-08-07,2025-08-07,,""Furiosa: A Mad Max Saga"",""Furiosa: A Mad Max Saga"",https://www.imdb.com/title/tt12037194/,Movie,7.5,148,2024,""Action, Adventure, Sci-Fi"",296501,2024-05-24,""George Miller"",,"
"183,tt7068946,2025-08-07,2025-08-07,,""The Accountant 2"",""The Accountant 2"",https://www.imdb.com/title/tt7068946/,Movie,6.7,132,2025,""Action, Crime, Drama, Mystery, Thriller"",98897,2025-04-25,""Gavin O'Connor"",7,2025-08-07"
"184,tt23872886,2025-08-07,2025-08-07,,""Zero Day"",""Zero Day"",https://www.imdb.com/title/tt23872886/,TV Mini Series,7.0,50,2025,""Drama, Thriller"",54414,2025-02-20,,7,2025-08-07"
"185,tt10872600,2025-08-07,2025-08-07,,""Spider-Man: No Way Home"",""Spider-Man: No Way Home"",https://www.imdb.com/title/tt10872600/,Movie,8.2,148,2021,""Action, Adventure, Fantasy, Sci-Fi"",968553,2021-12-17,""Jon Watts"",9,2025-08-07"
"186,tt6263850,2025-08-07,2025-08-07,,""Deadpool & Wolverine"",""Deadpool & Wolverine"",https://www.imdb.com/title/tt6263850/,Movie,7.5,128,2024,""Action, Adventure, Comedy, Sci-Fi"",518151,2024-07-26,""Shawn Levy"",10,2025-08-07"
"187,tt17279496,2025-08-07,2025-08-07,,""Civil War"",""Civil War"",https://www.imdb.com/title/tt17279496/,Movie,7.0,109,2024,""Action, Thriller"",247886,2024-04-12,""Alex Garland"",7,2025-08-07"
"188,tt12637874,2025-08-07,2025-08-07,,""Fallout"",""Fallout"",https://www.imdb.com/title/tt12637874/,TV Series,8.3,60,2024,""Action, Adventure, Drama, Sci-Fi"",326963,2024-04-10,,9,2025-08-07"
"189,tt9603208,2025-08-07,2025-08-07,,""Mission: Impossible - The Final Reckoning"",""Mission: Impossible - The Final Reckoning"",https://www.imdb.com/title/tt9603208/,Movie,7.4,169,2025,""Action, Adventure, Thriller"",116929,2025-05-23,""Christopher McQuarrie"",,"
"190,tt0107048,2025-08-07,2025-08-07,,""Groundhog Day"",""Groundhog Day"",https://www.imdb.com/title/tt0107048/,Movie,8.0,101,1993,""Comedy, Drama, Fantasy, Romance"",722469,1993-02-12,""Harold Ramis"",8,2025-08-07"
"191,tt8772296,2025-08-07,2025-08-07,,""Euphoria"",""Euphoria"",https://www.imdb.com/title/tt8772296/,TV Series,8.2,60,2019,""Drama"",276989,2019-06-16,,,"
